Inventory_ID,Product_ID,Warehouse,Stock_Available,Reorder_Level,Last_Updated,Product_Name,Category,Brand,Price,Supplier
I00001,P0102,Delhi WH,323,66,2026-04-27,Author Footwea,Footwear,Zara,4873,Steele-Dominguez
I00002,P0081,Mumbai WH,41,76,2026-05-13,None Clothin,Clothing,Sony,11160,Williams Group
I00003,P0125,Kolkata WH,25,61,2026-04-23,Avoid Beaut,Beauty,Sony,10221,Underwood-Mays
I00004,P0060,Mumbai WH,339,84,2026-04-30,Project Beaut,Beauty,Nike,10013,Walters Inc
I00005,P0133,Delhi WH,884,46,2026-04-23,Fight Sport,Sports,Sony,8480,Bender-Hunter
I00006,P0068,Kolkata WH,693,35,2026-04-25,Purpose Clothin,Clothing,Sony,8845,"Cruz, Brown and Johnson"
I00007,P0200,Kolkata WH,693,91,2026-05-09,Eye Electronic,Electronics,Zara,2384,Rojas-Grant
I00008,P0046,Delhi WH,539,61,2026-05-05,Happy Sport,Sports,H&M,9971,Singleton-Yates
I00009,P0015,Delhi WH,756,88,2026-05-13,Garden Footwea,Footwear,Sony,13423,Morris and Sons
I00010,P0072,Bangalore WH,502,95,2026-05-04,Institution Sport,Sports,Puma,7377,Pearson-Craig
I00011,P0142,Delhi WH,994,63,2026-04-30,Take Sport,Sports,Samsung,9138,Marshall-Marquez
I00012,P0132,Bangalore WH,763,65,2026-04-26,Lose Footwea,Footwear,Apple,11463,"Norman, Yates and Clark"
I00013,P0057,Bangalore WH,81,67,2026-05-12,Task Sport,Sports,Sony,13989,Diaz-Murray
I00014,P0110,Mumbai WH,112,61,2026-05-11,As Clothin,Clothing,Adidas,9949,Anderson-Mitchell
I00015,P0061,Delhi WH,771,24,2026-05-14,Ok Footwea,Footwear,Zara,519,"Sanchez, Morrison and Henry"
I00016,P0115,Kolkata WH,400,72,2026-05-01,Back Beaut,Beauty,Puma,4472,Fitzgerald-Davis
I00017,P0107,Bangalore WH,72,71,2026-04-21,Interview Beaut,Beauty,Zara,8438,"Benson, Jimenez and Chang"
I00018,P0055,Delhi WH,102,32,2026-05-07,Score Sport,Sports,Sony,8401,Wilson PLC
I00019,P0147,Kolkata WH,745,75,2026-05-08,Wall Footwea,Footwear,Apple,11374,"Estes, Gonzalez and Park"
I00020,P0179,Kolkata WH,116,95,2026-05-07,Whatever Sport,Sports,Samsung,10284,"Hammond, Fitzpatrick and Wagner"
I00021,P0086,Mumbai WH,771,48,2026-04-27,Sister Hom,Home,Puma,7139,Brooks-Morgan
I00022,P0007,Delhi WH,511,46,2026-04-27,Site Beaut,Beauty,Nike,9395,"Gonzales, Lynch and Griffith"
I00023,P0186,Kolkata WH,871,44,2026-04-28,Leg Sport,Sports,Samsung,10994,Cobb LLC
I00024,P0066,Kolkata WH,245,82,2026-04-28,Arm Electronic,Electronics,Samsung,2303,"Lopez, Compton and Turner"
I00025,P0127,Kolkata WH,487,21,2026-05-05,Above Beaut,Beauty,Sony,11068,"Adams, Obrien and Garcia"
I00026,P0199,Delhi WH,507,93,2026-05-03,Or Beaut,Beauty,Apple,14099,Kim-Fields
I00027,P0162,Delhi WH,38,73,2026-05-02,Answer Sport,Sports,H&M,11333,Randall-Livingston
I00028,P0025,Delhi WH,910,26,2026-05-06,Type Footwea,Footwear,Samsung,6265,Thomas Group
I00029,P0004,Mumbai WH,951,67,2026-05-03,Entire Electronic,Electronics,Adidas,9874,Wall-Peters
I00030,P0133,Delhi WH,56,81,2026-05-11,Fight Sport,Sports,Sony,8480,Bender-Hunter
I00031,P0037,Kolkata WH,410,43,2026-04-19,Read Sport,Sports,Zara,2540,Patrick-Dawson
I00032,P0070,Bangalore WH,719,58,2026-05-11,Service Beaut,Beauty,Apple,11880,Fletcher-Mann
I00033,P0033,Mumbai WH,451,91,2026-05-11,Program Electronic,Electronics,Puma,6772,Lee-Patterson
I00034,P0070,Bangalore WH,259,38,2026-04-27,Service Beaut,Beauty,Apple,11880,Fletcher-Mann
I00035,P0093,Mumbai WH,72,74,2026-05-01,Option Hom,Home,Samsung,4763,"Robinson, Smith and Barr"
I00036,P0085,Delhi WH,599,97,2026-05-01,Friend Electronic,Electronics,Adidas,10996,Barton PLC
I00037,P0007,Mumbai WH,743,48,2026-04-27,Site Beaut,Beauty,Nike,9395,"Gonzales, Lynch and Griffith"
I00038,P0099,Bangalore WH,649,35,2026-04-24,Traditional Hom,Home,Zara,3702,"Soto, Robertson and Newman"
I00039,P0034,Kolkata WH,843,77,2026-04-20,Identify Footwea,Footwear,Adidas,3656,Johnson PLC
I00040,P0041,Kolkata WH,646,64,2026-04-26,Any Beaut,Beauty,H&M,6130,Thomas and Sons
I00041,P0123,Kolkata WH,877,49,2026-04-25,Line Electronic,Electronics,Apple,6254,"Pittman, Newman and Knox"
I00042,P0081,Mumbai WH,21,88,2026-05-11,None Clothin,Clothing,Sony,11160,Williams Group
I00043,P0026,Bangalore WH,562,53,2026-05-03,Relationship Footwea,Footwear,Apple,11180,"Villanueva, Clarke and Gray"
I00044,P0072,Mumbai WH,455,61,2026-05-12,Institution Sport,Sports,Puma,7377,Pearson-Craig
I00045,P0181,Bangalore WH,771,88,2026-04-22,Area Beaut,Beauty,Nike,5178,Anderson Group
I00046,P0200,Kolkata WH,854,77,2026-04-30,Eye Electronic,Electronics,Zara,2384,Rojas-Grant
I00047,P0068,Mumbai WH,199,24,2026-04-20,Purpose Clothin,Clothing,Sony,8845,"Cruz, Brown and Johnson"
I00048,P0081,Mumbai WH,66,66,2026-04-21,None Clothin,Clothing,Sony,11160,Williams Group
I00049,P0022,Mumbai WH,955,61,2026-04-24,Guess Footwea,Footwear,Adidas,14213,"Wallace, Martin and Rocha"
I00050,P0108,Bangalore WH,826,55,2026-04-25,Loss Beaut,Beauty,Samsung,1131,"Bell, Christian and Jarvis"
I00051,P0003,Delhi WH,59,34,2026-05-14,North Clothin,Clothing,Samsung,12266,"Briggs, Johnson and Cantrell"
I00052,P0187,Bangalore WH,671,83,2026-04-16,Green Electronic,Electronics,Sony,8645,Luna-Maldonado
I00053,P0081,Delhi WH,46,23,2026-05-04,None Clothin,Clothing,Sony,11160,Williams Group
I00054,P0019,Delhi WH,915,52,2026-04-22,East Sport,Sports,Puma,9659,Tran LLC
I00055,P0161,Kolkata WH,320,24,2026-05-13,Perform Electronic,Electronics,Sony,5953,"Mclean, Smith and Whitehead"
I00056,P0090,Kolkata WH,406,100,2026-04-23,Choice Hom,Home,Puma,13316,"Beltran, Bailey and Young"
I00057,P0123,Kolkata WH,594,29,2026-04-17,Line Electronic,Electronics,Apple,6254,"Pittman, Newman and Knox"
I00058,P0066,Mumbai WH,986,75,2026-04-27,Arm Electronic,Electronics,Samsung,2303,"Lopez, Compton and Turner"
I00059,P0092,Mumbai WH,541,52,2026-04-16,Again Clothin,Clothing,Zara,2496,"Stephens, Murphy and Taylor"
I00060,P0002,Kolkata WH,23,25,2026-04-23,Fast Sport,Sports,Sony,4212,Crawford-Medina
I00061,P0076,Kolkata WH,33,57,2026-04-27,Onto Beaut,Beauty,Apple,9841,"Rodriguez, Richardson and Baker"
I00062,P0183,Bangalore WH,270,65,2026-05-08,Fill Beaut,Beauty,Puma,7818,"Foley, Henry and Carr"
I00063,P0065,Bangalore WH,404,87,2026-05-02,Almost Sport,Sports,Zara,13569,Cisneros LLC
I00064,P0055,Mumbai WH,759,88,2026-04-29,Score Sport,Sports,Sony,8401,Wilson PLC
I00065,P0113,Mumbai WH,184,66,2026-04-20,Price Beaut,Beauty,Nike,10347,Carter-Nicholson
I00066,P0105,Kolkata WH,298,90,2026-04-21,Position Electronic,Electronics,Nike,12454,Schroeder Ltd
I00067,P0149,Delhi WH,890,56,2026-04-26,Society Beaut,Beauty,H&M,10368,Jackson-Cowan
I00068,P0102,Bangalore WH,147,60,2026-04-21,Author Footwea,Footwear,Zara,4873,Steele-Dominguez
I00069,P0114,Bangalore WH,71,30,2026-04-20,Tough Electronic,Electronics,H&M,10970,"Gomez, Preston and Williams"
I00070,P0050,Kolkata WH,723,80,2026-05-02,Particularly Sport,Sports,Adidas,11369,"Brown, Harris and Lopez"
I00071,P0155,Mumbai WH,766,30,2026-05-13,Heavy Clothin,Clothing,Adidas,6467,Holden-Quinn
I00072,P0023,Kolkata WH,184,33,2026-04-18,Every Clothin,Clothing,Adidas,6427,Garcia-Reed
I00073,P0099,Mumbai WH,191,67,2026-04-29,Traditional Hom,Home,Zara,3702,"Soto, Robertson and Newman"
I00074,P0016,Kolkata WH,386,92,2026-05-07,Just Electronic,Electronics,Zara,8985,Harris-Sanchez
I00075,P0085,Kolkata WH,325,50,2026-04-16,Friend Electronic,Electronics,Adidas,10996,Barton PLC
I00076,P0028,Mumbai WH,972,22,2026-05-11,Everyone Sport,Sports,Samsung,8951,"Riggs, Gibson and Rhodes"
I00077,P0113,Kolkata WH,804,83,2026-05-05,Price Beaut,Beauty,Nike,10347,Carter-Nicholson
I00078,P0066,Kolkata WH,657,75,2026-04-20,Arm Electronic,Electronics,Samsung,2303,"Lopez, Compton and Turner"
I00079,P0176,Mumbai WH,502,81,2026-04-30,Clearly Hom,Home,Sony,9283,Dunn-Callahan
I00080,P0197,Bangalore WH,909,44,2026-05-13,Movement Electronic,Electronics,H&M,3785,Welch LLC
I00081,P0198,Kolkata WH,650,25,2026-05-06,Data Clothin,Clothing,Zara,1022,Taylor LLC
I00082,P0177,Delhi WH,805,40,2026-05-08,Stand Clothin,Clothing,Apple,7088,Hoffman and Sons
I00083,P0180,Delhi WH,134,94,2026-05-08,Worker Beaut,Beauty,Sony,6853,Monroe Group
I00084,P0118,Bangalore WH,493,27,2026-05-14,Suggest Sport,Sports,Sony,7691,"Hooper, Cole and Tucker"
I00085,P0042,Mumbai WH,324,68,2026-04-28,Sure Clothin,Clothing,Samsung,8548,Cunningham LLC
I00086,P0026,Bangalore WH,532,52,2026-05-04,Relationship Footwea,Footwear,Apple,11180,"Villanueva, Clarke and Gray"
I00087,P0075,Mumbai WH,398,95,2026-04-17,Official Footwea,Footwear,Nike,9838,"Ross, Lane and Roth"
I00088,P0108,Mumbai WH,384,84,2026-05-05,Loss Beaut,Beauty,Samsung,1131,"Bell, Christian and Jarvis"
I00089,P0156,Delhi WH,267,59,2026-04-16,Appear Electronic,Electronics,Zara,3844,"Strickland, Kelly and Lewis"
I00090,P0022,Delhi WH,199,85,2026-05-13,Guess Footwea,Footwear,Adidas,14213,"Wallace, Martin and Rocha"
I00091,P0198,Kolkata WH,897,31,2026-04-17,Data Clothin,Clothing,Zara,1022,Taylor LLC
I00092,P0062,Bangalore WH,657,36,2026-05-12,Meet Electronic,Electronics,Puma,14596,Miller LLC
I00093,P0070,Mumbai WH,795,83,2026-04-24,Service Beaut,Beauty,Apple,11880,Fletcher-Mann
I00094,P0183,Delhi WH,809,94,2026-04-21,Fill Beaut,Beauty,Puma,7818,"Foley, Henry and Carr"
I00095,P0118,Mumbai WH,598,31,2026-04-21,Suggest Sport,Sports,Sony,7691,"Hooper, Cole and Tucker"
I00096,P0184,Mumbai WH,947,58,2026-04-24,Support Hom,Home,Zara,11269,"Crawford, Rich and Ballard"
I00097,P0136,Mumbai WH,30,20,2026-05-07,Skill Hom,Home,Sony,922,"Ramirez, Williams and Lee"
I00098,P0148,Mumbai WH,403,63,2026-04-26,Front Clothin,Clothing,Adidas,5994,Byrd-Morton
I00099,P0195,Mumbai WH,928,71,2026-04-23,More Hom,Home,Apple,2617,"Baker, Johnston and Chang"
I00100,P0061,Delhi WH,669,57,2026-04-25,Ok Footwea,Footwear,Zara,519,"Sanchez, Morrison and Henry"
I00101,P0144,Bangalore WH,583,22,2026-04-23,Move Beaut,Beauty,Samsung,7241,"Garcia, Baker and Garcia"
I00102,P0165,Bangalore WH,779,51,2026-05-09,Mean Beaut,Beauty,Sony,826,"Reid, Murphy and Kelly"
I00103,P0123,Bangalore WH,692,81,2026-05-05,Line Electronic,Electronics,Apple,6254,"Pittman, Newman and Knox"
I00104,P0108,Mumbai WH,884,93,2026-05-07,Loss Beaut,Beauty,Samsung,1131,"Bell, Christian and Jarvis"
I00105,P0121,Delhi WH,473,87,2026-04-19,Brother Beaut,Beauty,Apple,8488,Burgess-Humphrey
I00106,P0012,Mumbai WH,264,55,2026-04-29,Increase Clothin,Clothing,Apple,12709,Ramirez-Watts
I00107,P0038,Mumbai WH,124,92,2026-04-21,Appear Footwea,Footwear,Samsung,4240,Huerta Inc
I00108,P0026,Bangalore WH,135,74,2026-04-18,Relationship Footwea,Footwear,Apple,11180,"Villanueva, Clarke and Gray"
I00109,P0033,Bangalore WH,323,76,2026-05-03,Program Electronic,Electronics,Puma,6772,Lee-Patterson
I00110,P0112,Bangalore WH,452,74,2026-05-09,Of Electronic,Electronics,Apple,9685,"Alvarado, Peterson and Carpenter"
I00111,P0178,Bangalore WH,781,27,2026-05-13,Dog Sport,Sports,H&M,11297,"Pham, Thompson and Dixon"
I00112,P0178,Kolkata WH,612,35,2026-05-06,Dog Sport,Sports,H&M,11297,"Pham, Thompson and Dixon"
I00113,P0154,Delhi WH,925,66,2026-04-27,Strong Hom,Home,Apple,4571,"Good, Mcdonald and Griffin"
I00114,P0042,Bangalore WH,868,52,2026-05-03,Sure Clothin,Clothing,Samsung,8548,Cunningham LLC
I00115,P0033,Mumbai WH,600,98,2026-05-04,Program Electronic,Electronics,Puma,6772,Lee-Patterson
I00116,P0054,Kolkata WH,469,75,2026-05-07,Three Hom,Home,Nike,12030,Todd-Wagner
I00117,P0149,Bangalore WH,875,21,2026-04-16,Society Beaut,Beauty,H&M,10368,Jackson-Cowan
I00118,P0136,Mumbai WH,440,77,2026-05-08,Skill Hom,Home,Sony,922,"Ramirez, Williams and Lee"
I00119,P0082,Kolkata WH,36,100,2026-05-05,Represent Hom,Home,Apple,9034,Arias-Cherry
I00120,P0096,Bangalore WH,761,47,2026-04-28,Owner Beaut,Beauty,Adidas,1028,Cross PLC
I00121,P0188,Bangalore WH,506,25,2026-05-04,Free Sport,Sports,Puma,1730,Webb Group
I00122,P0170,Mumbai WH,886,55,2026-04-17,Someone Electronic,Electronics,H&M,227,"Park, Sweeney and Mason"
I00123,P0115,Bangalore WH,999,81,2026-05-04,Back Beaut,Beauty,Puma,4472,Fitzgerald-Davis
I00124,P0029,Mumbai WH,44,65,2026-05-03,Kitchen Sport,Sports,Apple,2877,Houston-Knox
I00125,P0116,Bangalore WH,977,27,2026-05-02,Coach Clothin,Clothing,Puma,4110,"Rojas, Mason and Martinez"
I00126,P0035,Mumbai WH,984,22,2026-04-28,Could Beaut,Beauty,Puma,3683,Williams PLC
I00127,P0179,Kolkata WH,378,67,2026-04-23,Whatever Sport,Sports,Samsung,10284,"Hammond, Fitzpatrick and Wagner"
I00128,P0073,Mumbai WH,642,56,2026-04-16,Charge Beaut,Beauty,Zara,2182,Davidson LLC
I00129,P0010,Mumbai WH,479,61,2026-04-24,Son Electronic,Electronics,Samsung,11638,Cisneros and Sons
I00130,P0034,Mumbai WH,408,100,2026-05-07,Identify Footwea,Footwear,Adidas,3656,Johnson PLC
I00131,P0056,Bangalore WH,274,54,2026-05-12,Foot Clothin,Clothing,Adidas,14462,Smith-Martinez
I00132,P0192,Mumbai WH,375,63,2026-04-16,Suddenly Beaut,Beauty,Adidas,7661,Moss-Ware
I00133,P0188,Mumbai WH,736,80,2026-05-03,Free Sport,Sports,Puma,1730,Webb Group
I00134,P0100,Bangalore WH,225,50,2026-04-28,Fall Hom,Home,Nike,2897,Melton PLC
I00135,P0087,Mumbai WH,198,20,2026-04-26,Great Hom,Home,Zara,14353,Perez-Caldwell
I00136,P0182,Mumbai WH,37,92,2026-05-04,Style Footwea,Footwear,Apple,7243,Winters-Reid
I00137,P0088,Delhi WH,809,21,2026-05-09,Score Sport,Sports,Nike,11232,"Wise, Taylor and Callahan"
I00138,P0176,Bangalore WH,174,80,2026-04-19,Clearly Hom,Home,Sony,9283,Dunn-Callahan
I00139,P0188,Bangalore WH,143,87,2026-04-24,Free Sport,Sports,Puma,1730,Webb Group
I00140,P0161,Delhi WH,496,69,2026-05-07,Perform Electronic,Electronics,Sony,5953,"Mclean, Smith and Whitehead"
I00141,P0147,Mumbai WH,698,84,2026-04-24,Wall Footwea,Footwear,Apple,11374,"Estes, Gonzalez and Park"
I00142,P0143,Bangalore WH,71,91,2026-04-19,Same Electronic,Electronics,Puma,9743,"Jones, Miller and Cantrell"
I00143,P0149,Mumbai WH,871,40,2026-04-25,Society Beaut,Beauty,H&M,10368,Jackson-Cowan
I00144,P0189,Bangalore WH,846,71,2026-04-20,Wrong Clothin,Clothing,Sony,3880,"Orozco, Farrell and Martinez"
I00145,P0006,Delhi WH,429,74,2026-05-05,Still Electronic,Electronics,Apple,4011,Hernandez-Fernandez
I00146,P0157,Kolkata WH,816,43,2026-04-24,These Clothin,Clothing,Zara,5928,"Chambers, Lynch and Browning"
I00147,P0200,Bangalore WH,455,59,2026-04-28,Eye Electronic,Electronics,Zara,2384,Rojas-Grant
I00148,P0068,Delhi WH,666,96,2026-05-01,Purpose Clothin,Clothing,Sony,8845,"Cruz, Brown and Johnson"
I00149,P0074,Delhi WH,718,66,2026-04-24,Claim Clothin,Clothing,Apple,1249,Arnold-Davis
I00150,P0012,Kolkata WH,993,81,2026-05-06,Increase Clothin,Clothing,Apple,12709,Ramirez-Watts
I00151,P0155,Bangalore WH,831,33,2026-05-06,Heavy Clothin,Clothing,Adidas,6467,Holden-Quinn
I00152,P0111,Mumbai WH,239,81,2026-05-09,Together Electronic,Electronics,Apple,6815,"Adams, Walton and Huff"
I00153,P0127,Bangalore WH,707,87,2026-04-21,Above Beaut,Beauty,Sony,11068,"Adams, Obrien and Garcia"
I00154,P0066,Delhi WH,294,82,2026-05-11,Arm Electronic,Electronics,Samsung,2303,"Lopez, Compton and Turner"
I00155,P0028,Bangalore WH,304,92,2026-05-07,Everyone Sport,Sports,Samsung,8951,"Riggs, Gibson and Rhodes"
I00156,P0017,Kolkata WH,408,44,2026-05-11,Even Electronic,Electronics,H&M,1491,"Rivera, Chavez and Evans"
I00157,P0175,Bangalore WH,605,62,2026-04-23,Center Footwea,Footwear,H&M,5544,"Blake, Rodriguez and Crawford"
I00158,P0006,Bangalore WH,832,42,2026-04-20,Still Electronic,Electronics,Apple,4011,Hernandez-Fernandez
I00159,P0088,Delhi WH,362,24,2026-05-13,Score Sport,Sports,Nike,11232,"Wise, Taylor and Callahan"
I00160,P0026,Bangalore WH,630,29,2026-04-22,Relationship Footwea,Footwear,Apple,11180,"Villanueva, Clarke and Gray"
I00161,P0090,Bangalore WH,637,80,2026-05-08,Choice Hom,Home,Puma,13316,"Beltran, Bailey and Young"
I00162,P0136,Kolkata WH,501,99,2026-04-21,Skill Hom,Home,Sony,922,"Ramirez, Williams and Lee"
I00163,P0131,Delhi WH,223,26,2026-04-27,Involve Footwea,Footwear,Apple,11957,Cannon PLC
I00164,P0123,Kolkata WH,31,87,2026-04-23,Line Electronic,Electronics,Apple,6254,"Pittman, Newman and Knox"
I00165,P0017,Delhi WH,230,59,2026-05-07,Even Electronic,Electronics,H&M,1491,"Rivera, Chavez and Evans"
I00166,P0189,Kolkata WH,154,46,2026-04-27,Wrong Clothin,Clothing,Sony,3880,"Orozco, Farrell and Martinez"
I00167,P0198,Bangalore WH,316,49,2026-05-12,Data Clothin,Clothing,Zara,1022,Taylor LLC
I00168,P0046,Bangalore WH,597,42,2026-05-14,Happy Sport,Sports,H&M,9971,Singleton-Yates
I00169,P0195,Mumbai WH,648,56,2026-04-26,More Hom,Home,Apple,2617,"Baker, Johnston and Chang"
I00170,P0026,Kolkata WH,102,68,2026-05-12,Relationship Footwea,Footwear,Apple,11180,"Villanueva, Clarke and Gray"
I00171,P0173,Mumbai WH,939,98,2026-05-13,Plan Footwea,Footwear,Puma,11068,"Medina, Brown and Cervantes"
I00172,P0157,Kolkata WH,130,42,2026-05-13,These Clothin,Clothing,Zara,5928,"Chambers, Lynch and Browning"
I00173,P0147,Mumbai WH,440,53,2026-04-19,Wall Footwea,Footwear,Apple,11374,"Estes, Gonzalez and Park"
I00174,P0011,Delhi WH,79,33,2026-04-21,Try Hom,Home,Puma,4752,Hall PLC
I00175,P0139,Delhi WH,576,79,2026-04-27,Record Sport,Sports,Zara,9238,"Johnson, Gonzalez and Kemp"
I00176,P0154,Kolkata WH,279,75,2026-05-05,Strong Hom,Home,Apple,4571,"Good, Mcdonald and Griffin"
I00177,P0092,Mumbai WH,108,30,2026-04-25,Again Clothin,Clothing,Zara,2496,"Stephens, Murphy and Taylor"
I00178,P0168,Delhi WH,38,44,2026-05-12,Deal Beaut,Beauty,Adidas,6511,"Leblanc, Kim and Oconnor"
I00179,P0060,Kolkata WH,386,97,2026-04-22,Project Beaut,Beauty,Nike,10013,Walters Inc
I00180,P0099,Bangalore WH,706,75,2026-04-16,Traditional Hom,Home,Zara,3702,"Soto, Robertson and Newman"
I00181,P0166,Mumbai WH,167,47,2026-05-11,Else Electronic,Electronics,H&M,5863,Kerr and Sons
I00182,P0147,Mumbai WH,856,44,2026-05-03,Wall Footwea,Footwear,Apple,11374,"Estes, Gonzalez and Park"
I00183,P0143,Delhi WH,748,81,2026-04-22,Same Electronic,Electronics,Puma,9743,"Jones, Miller and Cantrell"
I00184,P0092,Mumbai WH,917,40,2026-05-13,Again Clothin,Clothing,Zara,2496,"Stephens, Murphy and Taylor"
I00185,P0136,Mumbai WH,404,51,2026-05-08,Skill Hom,Home,Sony,922,"Ramirez, Williams and Lee"
I00186,P0122,Bangalore WH,257,59,2026-04-27,Civil Footwea,Footwear,Samsung,5918,Jones Group
I00187,P0161,Mumbai WH,64,51,2026-04-23,Perform Electronic,Electronics,Sony,5953,"Mclean, Smith and Whitehead"
I00188,P0003,Delhi WH,905,77,2026-04-20,North Clothin,Clothing,Samsung,12266,"Briggs, Johnson and Cantrell"
I00189,P0122,Delhi WH,710,30,2026-05-03,Civil Footwea,Footwear,Samsung,5918,Jones Group
I00190,P0117,Delhi WH,843,29,2026-05-05,Central Footwea,Footwear,H&M,2344,Lawson-Rivera
I00191,P0103,Delhi WH,376,25,2026-05-11,Chance Hom,Home,Zara,2736,Christian Inc
I00192,P0085,Mumbai WH,212,40,2026-04-26,Friend Electronic,Electronics,Adidas,10996,Barton PLC
I00193,P0109,Bangalore WH,642,97,2026-04-27,Join Beaut,Beauty,Adidas,14148,Holt-Miller
I00194,P0038,Mumbai WH,892,59,2026-05-14,Appear Footwea,Footwear,Samsung,4240,Huerta Inc
I00195,P0173,Delhi WH,717,79,2026-04-30,Plan Footwea,Footwear,Puma,11068,"Medina, Brown and Cervantes"
I00196,P0037,Bangalore WH,987,91,2026-05-02,Read Sport,Sports,Zara,2540,Patrick-Dawson
I00197,P0184,Bangalore WH,790,82,2026-04-23,Support Hom,Home,Zara,11269,"Crawford, Rich and Ballard"
I00198,P0151,Delhi WH,761,85,2026-04-16,Out Clothin,Clothing,Samsung,14641,"Miller, Collins and Lewis"
I00199,P0171,Mumbai WH,891,96,2026-05-07,Former Beaut,Beauty,Apple,6167,"Haley, Brown and Allen"
I00200,P0021,Delhi WH,885,87,2026-05-04,Whose Sport,Sports,Apple,12865,Mcbride-Hall
I00201,P0112,Bangalore WH,179,84,2026-04-24,Of Electronic,Electronics,Apple,9685,"Alvarado, Peterson and Carpenter"
I00202,P0125,Bangalore WH,273,83,2026-05-12,Avoid Beaut,Beauty,Sony,10221,Underwood-Mays
I00203,P0138,Bangalore WH,951,98,2026-05-06,In Clothin,Clothing,Sony,2847,Bush-Lambert
I00204,P0022,Kolkata WH,311,22,2026-05-10,Guess Footwea,Footwear,Adidas,14213,"Wallace, Martin and Rocha"
I00205,P0114,Bangalore WH,731,41,2026-05-14,Tough Electronic,Electronics,H&M,10970,"Gomez, Preston and Williams"
I00206,P0153,Bangalore WH,896,99,2026-05-05,Campaign Sport,Sports,Puma,13018,Davidson and Sons
I00207,P0098,Mumbai WH,197,56,2026-05-05,Take Clothin,Clothing,Samsung,6858,Rivera-Noble
I00208,P0026,Mumbai WH,507,48,2026-04-27,Relationship Footwea,Footwear,Apple,11180,"Villanueva, Clarke and Gray"
I00209,P0020,Kolkata WH,154,22,2026-05-12,Cold Clothin,Clothing,Adidas,950,Watson Inc
I00210,P0074,Kolkata WH,280,29,2026-05-13,Claim Clothin,Clothing,Apple,1249,Arnold-Davis
I00211,P0181,Kolkata WH,481,33,2026-04-20,Area Beaut,Beauty,Nike,5178,Anderson Group
I00212,P0146,Kolkata WH,147,96,2026-04-22,Employee Footwea,Footwear,Nike,14927,James and Sons
I00213,P0199,Mumbai WH,265,51,2026-05-08,Or Beaut,Beauty,Apple,14099,Kim-Fields
I00214,P0117,Kolkata WH,958,43,2026-05-05,Central Footwea,Footwear,H&M,2344,Lawson-Rivera
I00215,P0109,Mumbai WH,458,87,2026-04-20,Join Beaut,Beauty,Adidas,14148,Holt-Miller
I00216,P0026,Mumbai WH,645,70,2026-04-25,Relationship Footwea,Footwear,Apple,11180,"Villanueva, Clarke and Gray"
I00217,P0057,Mumbai WH,335,23,2026-05-06,Task Sport,Sports,Sony,13989,Diaz-Murray
I00218,P0021,Delhi WH,388,46,2026-04-27,Whose Sport,Sports,Apple,12865,Mcbride-Hall
I00219,P0017,Kolkata WH,41,34,2026-05-13,Even Electronic,Electronics,H&M,1491,"Rivera, Chavez and Evans"
I00220,P0185,Mumbai WH,533,58,2026-05-11,Check Clothin,Clothing,Zara,13204,Dickson Group
I00221,P0095,Bangalore WH,463,48,2026-05-11,Scene Electronic,Electronics,Zara,13438,Munoz Group
I00222,P0024,Delhi WH,498,27,2026-05-04,Fly Footwea,Footwear,Zara,10615,Payne-Pollard
I00223,P0178,Kolkata WH,751,28,2026-05-13,Dog Sport,Sports,H&M,11297,"Pham, Thompson and Dixon"
I00224,P0171,Bangalore WH,291,92,2026-05-01,Former Beaut,Beauty,Apple,6167,"Haley, Brown and Allen"
I00225,P0049,Kolkata WH,936,77,2026-05-02,Guess Footwea,Footwear,Nike,11345,Bates Inc
I00226,P0093,Bangalore WH,984,23,2026-04-30,Option Hom,Home,Samsung,4763,"Robinson, Smith and Barr"
I00227,P0128,Delhi WH,16,43,2026-04-20,Watch Electronic,Electronics,Samsung,4533,"Cook, Butler and Jefferson"
I00228,P0027,Bangalore WH,228,78,2026-04-27,Interest Footwea,Footwear,Adidas,10180,"Lynch, Collins and Fowler"
I00229,P0055,Delhi WH,863,96,2026-05-12,Score Sport,Sports,Sony,8401,Wilson PLC
I00230,P0124,Kolkata WH,95,20,2026-04-16,Drop Footwea,Footwear,Samsung,7379,Clarke PLC
I00231,P0026,Mumbai WH,589,41,2026-05-03,Relationship Footwea,Footwear,Apple,11180,"Villanueva, Clarke and Gray"
I00232,P0106,Delhi WH,88,90,2026-05-15,Evening Footwea,Footwear,Nike,1021,Barrera-Davis
I00233,P0158,Delhi WH,951,40,2026-05-04,Soon Footwea,Footwear,Apple,3852,"Kemp, Johnson and Dunn"
I00234,P0186,Mumbai WH,25,20,2026-04-16,Leg Sport,Sports,Samsung,10994,Cobb LLC
I00235,P0107,Kolkata WH,223,87,2026-05-01,Interview Beaut,Beauty,Zara,8438,"Benson, Jimenez and Chang"
I00236,P0098,Mumbai WH,286,95,2026-04-26,Take Clothin,Clothing,Samsung,6858,Rivera-Noble
I00237,P0110,Bangalore WH,64,41,2026-05-04,As Clothin,Clothing,Adidas,9949,Anderson-Mitchell
I00238,P0167,Mumbai WH,885,30,2026-05-03,Large Sport,Sports,Puma,7349,Scott-Jones
I00239,P0070,Delhi WH,359,89,2026-05-01,Service Beaut,Beauty,Apple,11880,Fletcher-Mann
I00240,P0185,Kolkata WH,864,55,2026-04-20,Check Clothin,Clothing,Zara,13204,Dickson Group
I00241,P0121,Kolkata WH,75,91,2026-04-22,Brother Beaut,Beauty,Apple,8488,Burgess-Humphrey
I00242,P0183,Kolkata WH,815,24,2026-04-18,Fill Beaut,Beauty,Puma,7818,"Foley, Henry and Carr"
I00243,P0078,Mumbai WH,63,30,2026-04-30,Center Sport,Sports,Nike,3950,"Herrera, Mosley and Castillo"
I00244,P0081,Delhi WH,954,28,2026-05-15,None Clothin,Clothing,Sony,11160,Williams Group
I00245,P0182,Kolkata WH,595,61,2026-04-27,Style Footwea,Footwear,Apple,7243,Winters-Reid
I00246,P0157,Bangalore WH,69,39,2026-04-21,These Clothin,Clothing,Zara,5928,"Chambers, Lynch and Browning"
I00247,P0124,Bangalore WH,624,44,2026-04-26,Drop Footwea,Footwear,Samsung,7379,Clarke PLC
I00248,P0180,Mumbai WH,825,83,2026-04-27,Worker Beaut,Beauty,Sony,6853,Monroe Group
I00249,P0125,Bangalore WH,437,26,2026-05-12,Avoid Beaut,Beauty,Sony,10221,Underwood-Mays
I00250,P0084,Mumbai WH,944,84,2026-04-16,Girl Hom,Home,H&M,3319,Parker-Cohen
I00251,P0086,Bangalore WH,163,60,2026-04-26,Sister Hom,Home,Puma,7139,Brooks-Morgan
I00252,P0121,Mumbai WH,18,54,2026-04-22,Brother Beaut,Beauty,Apple,8488,Burgess-Humphrey
I00253,P0044,Delhi WH,327,71,2026-04-23,Those Electronic,Electronics,Adidas,2704,"Green, Collier and Hester"
I00254,P0067,Kolkata WH,406,95,2026-04-24,Involve Sport,Sports,Zara,9207,Hudson Inc
I00255,P0068,Bangalore WH,785,34,2026-04-16,Purpose Clothin,Clothing,Sony,8845,"Cruz, Brown and Johnson"
I00256,P0200,Bangalore WH,355,53,2026-04-27,Eye Electronic,Electronics,Zara,2384,Rojas-Grant
I00257,P0028,Delhi WH,520,83,2026-04-18,Everyone Sport,Sports,Samsung,8951,"Riggs, Gibson and Rhodes"
I00258,P0028,Kolkata WH,317,91,2026-04-25,Everyone Sport,Sports,Samsung,8951,"Riggs, Gibson and Rhodes"
I00259,P0143,Kolkata WH,401,27,2026-05-07,Same Electronic,Electronics,Puma,9743,"Jones, Miller and Cantrell"
I00260,P0095,Kolkata WH,979,29,2026-05-08,Scene Electronic,Electronics,Zara,13438,Munoz Group
I00261,P0146,Bangalore WH,697,62,2026-04-25,Employee Footwea,Footwear,Nike,14927,James and Sons
I00262,P0091,Bangalore WH,53,91,2026-04-18,Campaign Electronic,Electronics,Apple,3339,"Joyce, Santos and Smith"
I00263,P0044,Bangalore WH,513,90,2026-05-11,Those Electronic,Electronics,Adidas,2704,"Green, Collier and Hester"
I00264,P0098,Mumbai WH,918,25,2026-05-01,Take Clothin,Clothing,Samsung,6858,Rivera-Noble
I00265,P0068,Mumbai WH,761,57,2026-04-27,Purpose Clothin,Clothing,Sony,8845,"Cruz, Brown and Johnson"
I00266,P0024,Mumbai WH,937,55,2026-04-22,Fly Footwea,Footwear,Zara,10615,Payne-Pollard
I00267,P0192,Delhi WH,649,53,2026-05-06,Suddenly Beaut,Beauty,Adidas,7661,Moss-Ware
I00268,P0197,Delhi WH,776,71,2026-04-28,Movement Electronic,Electronics,H&M,3785,Welch LLC
I00269,P0127,Kolkata WH,552,88,2026-05-03,Above Beaut,Beauty,Sony,11068,"Adams, Obrien and Garcia"
I00270,P0016,Mumbai WH,878,25,2026-05-10,Just Electronic,Electronics,Zara,8985,Harris-Sanchez
I00271,P0017,Mumbai WH,848,35,2026-04-25,Even Electronic,Electronics,H&M,1491,"Rivera, Chavez and Evans"
I00272,P0059,Bangalore WH,695,85,2026-05-07,Simple Footwea,Footwear,Samsung,9037,"Gonzalez, Bates and Ross"
I00273,P0169,Bangalore WH,799,42,2026-05-07,Past Beaut,Beauty,Apple,4373,Ray PLC
I00274,P0106,Mumbai WH,908,99,2026-04-21,Evening Footwea,Footwear,Nike,1021,Barrera-Davis
I00275,P0114,Kolkata WH,310,38,2026-05-05,Tough Electronic,Electronics,H&M,10970,"Gomez, Preston and Williams"
I00276,P0066,Kolkata WH,430,92,2026-04-27,Arm Electronic,Electronics,Samsung,2303,"Lopez, Compton and Turner"
I00277,P0171,Kolkata WH,311,39,2026-04-25,Former Beaut,Beauty,Apple,6167,"Haley, Brown and Allen"
I00278,P0002,Bangalore WH,401,88,2026-05-01,Fast Sport,Sports,Sony,4212,Crawford-Medina
I00279,P0021,Bangalore WH,679,21,2026-04-28,Whose Sport,Sports,Apple,12865,Mcbride-Hall
I00280,P0012,Bangalore WH,557,29,2026-05-02,Increase Clothin,Clothing,Apple,12709,Ramirez-Watts
I00281,P0068,Delhi WH,446,66,2026-04-30,Purpose Clothin,Clothing,Sony,8845,"Cruz, Brown and Johnson"
I00282,P0148,Bangalore WH,167,48,2026-04-21,Front Clothin,Clothing,Adidas,5994,Byrd-Morton
I00283,P0153,Bangalore WH,410,72,2026-04-24,Campaign Sport,Sports,Puma,13018,Davidson and Sons
I00284,P0189,Kolkata WH,709,26,2026-04-28,Wrong Clothin,Clothing,Sony,3880,"Orozco, Farrell and Martinez"
I00285,P0081,Mumbai WH,134,78,2026-05-02,None Clothin,Clothing,Sony,11160,Williams Group
I00286,P0022,Mumbai WH,48,23,2026-04-26,Guess Footwea,Footwear,Adidas,14213,"Wallace, Martin and Rocha"
I00287,P0127,Bangalore WH,24,30,2026-05-14,Above Beaut,Beauty,Sony,11068,"Adams, Obrien and Garcia"
I00288,P0177,Bangalore WH,366,34,2026-04-29,Stand Clothin,Clothing,Apple,7088,Hoffman and Sons
I00289,P0182,Kolkata WH,15,77,2026-04-17,Style Footwea,Footwear,Apple,7243,Winters-Reid
I00290,P0122,Mumbai WH,193,84,2026-04-27,Civil Footwea,Footwear,Samsung,5918,Jones Group
I00291,P0073,Mumbai WH,381,78,2026-05-13,Charge Beaut,Beauty,Zara,2182,Davidson LLC
I00292,P0112,Kolkata WH,552,100,2026-05-09,Of Electronic,Electronics,Apple,9685,"Alvarado, Peterson and Carpenter"
I00293,P0110,Bangalore WH,503,25,2026-04-16,As Clothin,Clothing,Adidas,9949,Anderson-Mitchell
I00294,P0111,Bangalore WH,509,36,2026-04-24,Together Electronic,Electronics,Apple,6815,"Adams, Walton and Huff"
I00295,P0177,Kolkata WH,628,40,2026-04-19,Stand Clothin,Clothing,Apple,7088,Hoffman and Sons
I00296,P0046,Delhi WH,316,95,2026-04-29,Happy Sport,Sports,H&M,9971,Singleton-Yates
I00297,P0031,Mumbai WH,220,21,2026-04-24,Magazine Sport,Sports,Apple,11416,Perez-Osborne
I00298,P0163,Delhi WH,123,66,2026-04-17,Everything Beaut,Beauty,Puma,652,"Cherry, Stark and Riley"
I00299,P0041,Bangalore WH,984,42,2026-05-13,Any Beaut,Beauty,H&M,6130,Thomas and Sons
I00300,P0191,Mumbai WH,647,82,2026-04-22,But Electronic,Electronics,Apple,7984,"Smith, Hughes and Gonzalez"
I00301,P0137,Delhi WH,210,74,2026-05-05,Thousand Electronic,Electronics,Puma,12834,"Walters, Payne and Smith"
I00302,P0119,Mumbai WH,813,26,2026-04-30,Including Footwea,Footwear,Adidas,352,Long Inc
I00303,P0135,Kolkata WH,184,25,2026-04-30,Size Electronic,Electronics,Adidas,10592,"Johnson, Ross and Barrera"
I00304,P0089,Mumbai WH,837,56,2026-04-17,Alone Sport,Sports,Adidas,1193,Greene Group
I00305,P0177,Bangalore WH,653,70,2026-04-28,Stand Clothin,Clothing,Apple,7088,Hoffman and Sons
I00306,P0152,Kolkata WH,102,42,2026-04-27,Word Hom,Home,Nike,3138,Wheeler LLC
I00307,P0172,Delhi WH,360,71,2026-04-25,Me Hom,Home,Adidas,11082,Conner and Sons
I00308,P0034,Kolkata WH,554,47,2026-04-19,Identify Footwea,Footwear,Adidas,3656,Johnson PLC
I00309,P0107,Kolkata WH,770,21,2026-05-11,Interview Beaut,Beauty,Zara,8438,"Benson, Jimenez and Chang"
I00310,P0144,Kolkata WH,162,65,2026-04-24,Move Beaut,Beauty,Samsung,7241,"Garcia, Baker and Garcia"
I00311,P0126,Kolkata WH,821,28,2026-04-24,Religious Sport,Sports,Nike,11142,"Harris, Grant and Blair"
I00312,P0104,Delhi WH,744,26,2026-05-06,Cause Clothin,Clothing,Sony,3766,"Morris, Johnson and Farrell"
I00313,P0189,Bangalore WH,745,50,2026-05-02,Wrong Clothin,Clothing,Sony,3880,"Orozco, Farrell and Martinez"
I00314,P0118,Kolkata WH,241,67,2026-05-10,Suggest Sport,Sports,Sony,7691,"Hooper, Cole and Tucker"
I00315,P0087,Mumbai WH,916,99,2026-05-14,Great Hom,Home,Zara,14353,Perez-Caldwell
I00316,P0028,Mumbai WH,136,70,2026-04-20,Everyone Sport,Sports,Samsung,8951,"Riggs, Gibson and Rhodes"
I00317,P0113,Bangalore WH,781,29,2026-04-27,Price Beaut,Beauty,Nike,10347,Carter-Nicholson
I00318,P0112,Bangalore WH,165,93,2026-04-30,Of Electronic,Electronics,Apple,9685,"Alvarado, Peterson and Carpenter"
I00319,P0104,Mumbai WH,564,70,2026-04-30,Cause Clothin,Clothing,Sony,3766,"Morris, Johnson and Farrell"
I00320,P0192,Delhi WH,405,26,2026-05-11,Suddenly Beaut,Beauty,Adidas,7661,Moss-Ware
I00321,P0034,Mumbai WH,259,68,2026-04-18,Identify Footwea,Footwear,Adidas,3656,Johnson PLC
I00322,P0132,Bangalore WH,202,38,2026-05-06,Lose Footwea,Footwear,Apple,11463,"Norman, Yates and Clark"
I00323,P0016,Delhi WH,192,61,2026-04-27,Just Electronic,Electronics,Zara,8985,Harris-Sanchez
I00324,P0071,Mumbai WH,57,90,2026-05-02,Certain Footwea,Footwear,H&M,11204,Cooper-Ramos
I00325,P0006,Bangalore WH,639,54,2026-04-18,Still Electronic,Electronics,Apple,4011,Hernandez-Fernandez
I00326,P0005,Bangalore WH,582,79,2026-04-30,Peace Hom,Home,Nike,688,"Miller, Gibbs and Underwood"
I00327,P0053,Bangalore WH,943,32,2026-05-06,Mouth Footwea,Footwear,H&M,2791,Jimenez LLC
I00328,P0138,Delhi WH,661,56,2026-05-05,In Clothin,Clothing,Sony,2847,Bush-Lambert
I00329,P0031,Kolkata WH,62,20,2026-05-07,Magazine Sport,Sports,Apple,11416,Perez-Osborne
I00330,P0112,Bangalore WH,340,89,2026-04-25,Of Electronic,Electronics,Apple,9685,"Alvarado, Peterson and Carpenter"
I00331,P0075,Mumbai WH,993,50,2026-05-14,Official Footwea,Footwear,Nike,9838,"Ross, Lane and Roth"
I00332,P0183,Delhi WH,987,23,2026-05-13,Fill Beaut,Beauty,Puma,7818,"Foley, Henry and Carr"
I00333,P0194,Kolkata WH,293,75,2026-04-28,American Sport,Sports,H&M,8299,Harris-Smith
I00334,P0016,Delhi WH,728,60,2026-05-07,Just Electronic,Electronics,Zara,8985,Harris-Sanchez
I00335,P0167,Bangalore WH,11,88,2026-04-21,Large Sport,Sports,Puma,7349,Scott-Jones
I00336,P0156,Bangalore WH,918,24,2026-05-14,Appear Electronic,Electronics,Zara,3844,"Strickland, Kelly and Lewis"
I00337,P0099,Mumbai WH,588,51,2026-04-20,Traditional Hom,Home,Zara,3702,"Soto, Robertson and Newman"
I00338,P0121,Mumbai WH,648,20,2026-05-02,Brother Beaut,Beauty,Apple,8488,Burgess-Humphrey
I00339,P0073,Mumbai WH,488,98,2026-05-06,Charge Beaut,Beauty,Zara,2182,Davidson LLC
I00340,P0014,Mumbai WH,775,90,2026-05-03,Far Hom,Home,Adidas,6081,"Russell, Smith and Rosario"
I00341,P0063,Kolkata WH,279,80,2026-04-16,Learn Footwea,Footwear,Apple,1149,Hall Group
I00342,P0004,Delhi WH,510,87,2026-05-02,Entire Electronic,Electronics,Adidas,9874,Wall-Peters
I00343,P0148,Kolkata WH,173,78,2026-05-14,Front Clothin,Clothing,Adidas,5994,Byrd-Morton
I00344,P0109,Mumbai WH,387,34,2026-05-12,Join Beaut,Beauty,Adidas,14148,Holt-Miller
I00345,P0049,Kolkata WH,712,26,2026-05-09,Guess Footwea,Footwear,Nike,11345,Bates Inc
I00346,P0083,Kolkata WH,928,35,2026-05-06,Box Clothin,Clothing,Zara,4181,Mooney-Hartman
I00347,P0160,Mumbai WH,947,82,2026-05-12,Give Footwea,Footwear,Sony,14361,Maxwell and Sons
I00348,P0085,Mumbai WH,503,46,2026-05-09,Friend Electronic,Electronics,Adidas,10996,Barton PLC
I00349,P0139,Kolkata WH,564,56,2026-05-02,Record Sport,Sports,Zara,9238,"Johnson, Gonzalez and Kemp"
I00350,P0047,Bangalore WH,324,23,2026-05-10,Deep Electronic,Electronics,H&M,6452,"Walker, Peterson and Smith"
I00351,P0098,Delhi WH,532,41,2026-05-14,Take Clothin,Clothing,Samsung,6858,Rivera-Noble
I00352,P0129,Mumbai WH,812,20,2026-05-05,Agency Electronic,Electronics,Adidas,12363,"Edwards, Bailey and Martin"
I00353,P0114,Delhi WH,362,60,2026-05-15,Tough Electronic,Electronics,H&M,10970,"Gomez, Preston and Williams"
I00354,P0058,Delhi WH,23,67,2026-04-20,Nearly Sport,Sports,Apple,2704,Johnston-Holden
I00355,P0178,Delhi WH,995,88,2026-04-18,Dog Sport,Sports,H&M,11297,"Pham, Thompson and Dixon"
I00356,P0093,Kolkata WH,337,67,2026-04-16,Option Hom,Home,Samsung,4763,"Robinson, Smith and Barr"
I00357,P0015,Kolkata WH,203,62,2026-04-30,Garden Footwea,Footwear,Sony,13423,Morris and Sons
I00358,P0041,Mumbai WH,489,30,2026-05-07,Any Beaut,Beauty,H&M,6130,Thomas and Sons
I00359,P0024,Bangalore WH,576,85,2026-05-14,Fly Footwea,Footwear,Zara,10615,Payne-Pollard
I00360,P0122,Mumbai WH,23,66,2026-05-03,Civil Footwea,Footwear,Samsung,5918,Jones Group
I00361,P0032,Delhi WH,896,99,2026-05-14,Military Footwea,Footwear,Nike,3952,Patton and Sons
I00362,P0192,Kolkata WH,908,87,2026-04-29,Suddenly Beaut,Beauty,Adidas,7661,Moss-Ware
I00363,P0163,Mumbai WH,99,85,2026-05-04,Everything Beaut,Beauty,Puma,652,"Cherry, Stark and Riley"
I00364,P0007,Mumbai WH,776,31,2026-04-21,Site Beaut,Beauty,Nike,9395,"Gonzales, Lynch and Griffith"
I00365,P0075,Kolkata WH,140,22,2026-05-04,Official Footwea,Footwear,Nike,9838,"Ross, Lane and Roth"
I00366,P0183,Kolkata WH,514,53,2026-04-20,Fill Beaut,Beauty,Puma,7818,"Foley, Henry and Carr"
I00367,P0162,Kolkata WH,291,67,2026-05-12,Answer Sport,Sports,H&M,11333,Randall-Livingston
I00368,P0018,Mumbai WH,448,94,2026-05-04,Each Beaut,Beauty,Sony,13788,Cardenas PLC
I00369,P0155,Delhi WH,231,39,2026-05-13,Heavy Clothin,Clothing,Adidas,6467,Holden-Quinn
I00370,P0122,Bangalore WH,726,99,2026-05-05,Civil Footwea,Footwear,Samsung,5918,Jones Group
I00371,P0038,Bangalore WH,585,93,2026-04-16,Appear Footwea,Footwear,Samsung,4240,Huerta Inc
I00372,P0150,Mumbai WH,468,48,2026-04-27,Believe Sport,Sports,Samsung,4078,Smith-Richmond
I00373,P0131,Bangalore WH,867,98,2026-04-27,Involve Footwea,Footwear,Apple,11957,Cannon PLC
I00374,P0052,Kolkata WH,590,39,2026-05-08,Series Sport,Sports,Puma,2027,"Wells, Campbell and Morgan"
I00375,P0173,Mumbai WH,192,46,2026-05-02,Plan Footwea,Footwear,Puma,11068,"Medina, Brown and Cervantes"
I00376,P0155,Kolkata WH,394,26,2026-04-24,Heavy Clothin,Clothing,Adidas,6467,Holden-Quinn
I00377,P0094,Bangalore WH,213,72,2026-05-08,Show Hom,Home,Apple,14527,Durham Ltd
I00378,P0012,Bangalore WH,92,39,2026-04-22,Increase Clothin,Clothing,Apple,12709,Ramirez-Watts
I00379,P0078,Kolkata WH,218,81,2026-04-28,Center Sport,Sports,Nike,3950,"Herrera, Mosley and Castillo"
I00380,P0053,Mumbai WH,640,31,2026-04-26,Mouth Footwea,Footwear,H&M,2791,Jimenez LLC
I00381,P0036,Mumbai WH,558,28,2026-05-06,Sell Sport,Sports,Zara,6682,"Powell, Villarreal and Parker"
I00382,P0146,Delhi WH,925,75,2026-04-24,Employee Footwea,Footwear,Nike,14927,James and Sons
I00383,P0100,Mumbai WH,900,44,2026-04-20,Fall Hom,Home,Nike,2897,Melton PLC
I00384,P0111,Mumbai WH,222,74,2026-05-12,Together Electronic,Electronics,Apple,6815,"Adams, Walton and Huff"
I00385,P0090,Delhi WH,96,59,2026-04-23,Choice Hom,Home,Puma,13316,"Beltran, Bailey and Young"
I00386,P0190,Mumbai WH,719,96,2026-05-15,Behind Clothin,Clothing,Samsung,600,Scott PLC
I00387,P0072,Mumbai WH,985,73,2026-04-22,Institution Sport,Sports,Puma,7377,Pearson-Craig
I00388,P0142,Kolkata WH,386,24,2026-05-10,Take Sport,Sports,Samsung,9138,Marshall-Marquez
I00389,P0194,Mumbai WH,121,57,2026-04-20,American Sport,Sports,H&M,8299,Harris-Smith
I00390,P0098,Delhi WH,818,33,2026-04-21,Take Clothin,Clothing,Samsung,6858,Rivera-Noble
I00391,P0137,Bangalore WH,642,90,2026-05-03,Thousand Electronic,Electronics,Puma,12834,"Walters, Payne and Smith"
I00392,P0149,Bangalore WH,908,72,2026-04-19,Society Beaut,Beauty,H&M,10368,Jackson-Cowan
I00393,P0200,Delhi WH,255,25,2026-05-14,Eye Electronic,Electronics,Zara,2384,Rojas-Grant
I00394,P0033,Delhi WH,18,55,2026-05-01,Program Electronic,Electronics,Puma,6772,Lee-Patterson
I00395,P0040,Delhi WH,256,48,2026-05-11,Good Beaut,Beauty,H&M,14909,Hughes-Ford
I00396,P0178,Delhi WH,116,92,2026-05-13,Dog Sport,Sports,H&M,11297,"Pham, Thompson and Dixon"
I00397,P0099,Kolkata WH,796,38,2026-05-14,Traditional Hom,Home,Zara,3702,"Soto, Robertson and Newman"
I00398,P0084,Kolkata WH,635,39,2026-04-28,Girl Hom,Home,H&M,3319,Parker-Cohen
I00399,P0127,Kolkata WH,274,20,2026-05-03,Above Beaut,Beauty,Sony,11068,"Adams, Obrien and Garcia"
I00400,P0007,Mumbai WH,261,89,2026-04-28,Site Beaut,Beauty,Nike,9395,"Gonzales, Lynch and Griffith"
I00401,P0112,Bangalore WH,449,85,2026-04-25,Of Electronic,Electronics,Apple,9685,"Alvarado, Peterson and Carpenter"
I00402,P0078,Bangalore WH,51,83,2026-04-28,Center Sport,Sports,Nike,3950,"Herrera, Mosley and Castillo"
I00403,P0167,Delhi WH,408,25,2026-05-13,Large Sport,Sports,Puma,7349,Scott-Jones
I00404,P0189,Delhi WH,485,60,2026-04-22,Wrong Clothin,Clothing,Sony,3880,"Orozco, Farrell and Martinez"
I00405,P0123,Bangalore WH,985,74,2026-04-28,Line Electronic,Electronics,Apple,6254,"Pittman, Newman and Knox"
I00406,P0052,Bangalore WH,525,23,2026-05-15,Series Sport,Sports,Puma,2027,"Wells, Campbell and Morgan"
I00407,P0092,Delhi WH,507,44,2026-05-04,Again Clothin,Clothing,Zara,2496,"Stephens, Murphy and Taylor"
I00408,P0136,Kolkata WH,873,91,2026-04-19,Skill Hom,Home,Sony,922,"Ramirez, Williams and Lee"
I00409,P0199,Delhi WH,216,44,2026-04-21,Or Beaut,Beauty,Apple,14099,Kim-Fields
I00410,P0012,Bangalore WH,40,31,2026-05-14,Increase Clothin,Clothing,Apple,12709,Ramirez-Watts
I00411,P0156,Delhi WH,311,79,2026-04-20,Appear Electronic,Electronics,Zara,3844,"Strickland, Kelly and Lewis"
I00412,P0128,Kolkata WH,656,79,2026-05-15,Watch Electronic,Electronics,Samsung,4533,"Cook, Butler and Jefferson"
I00413,P0093,Kolkata WH,546,70,2026-05-12,Option Hom,Home,Samsung,4763,"Robinson, Smith and Barr"
I00414,P0036,Kolkata WH,13,92,2026-04-29,Sell Sport,Sports,Zara,6682,"Powell, Villarreal and Parker"
I00415,P0130,Bangalore WH,869,44,2026-05-07,Build Beaut,Beauty,Samsung,4662,Berry and Sons
I00416,P0104,Bangalore WH,550,42,2026-04-23,Cause Clothin,Clothing,Sony,3766,"Morris, Johnson and Farrell"
I00417,P0130,Kolkata WH,910,74,2026-05-09,Build Beaut,Beauty,Samsung,4662,Berry and Sons
I00418,P0140,Bangalore WH,21,21,2026-05-15,Bit Sport,Sports,H&M,9389,"Johnson, Cantu and Robertson"
I00419,P0097,Bangalore WH,884,84,2026-04-22,Give Sport,Sports,Nike,1728,Henderson and Sons
I00420,P0175,Kolkata WH,906,40,2026-05-09,Center Footwea,Footwear,H&M,5544,"Blake, Rodriguez and Crawford"
I00421,P0125,Kolkata WH,329,40,2026-04-30,Avoid Beaut,Beauty,Sony,10221,Underwood-Mays
I00422,P0095,Delhi WH,567,54,2026-04-18,Scene Electronic,Electronics,Zara,13438,Munoz Group
I00423,P0097,Mumbai WH,525,22,2026-05-07,Give Sport,Sports,Nike,1728,Henderson and Sons
I00424,P0109,Kolkata WH,703,77,2026-05-01,Join Beaut,Beauty,Adidas,14148,Holt-Miller
I00425,P0153,Delhi WH,170,100,2026-05-15,Campaign Sport,Sports,Puma,13018,Davidson and Sons
I00426,P0074,Kolkata WH,691,98,2026-05-13,Claim Clothin,Clothing,Apple,1249,Arnold-Davis
I00427,P0157,Bangalore WH,629,76,2026-04-21,These Clothin,Clothing,Zara,5928,"Chambers, Lynch and Browning"
I00428,P0003,Delhi WH,136,25,2026-04-27,North Clothin,Clothing,Samsung,12266,"Briggs, Johnson and Cantrell"
I00429,P0143,Kolkata WH,553,47,2026-05-09,Same Electronic,Electronics,Puma,9743,"Jones, Miller and Cantrell"
I00430,P0068,Kolkata WH,642,89,2026-04-18,Purpose Clothin,Clothing,Sony,8845,"Cruz, Brown and Johnson"
I00431,P0089,Mumbai WH,273,87,2026-04-30,Alone Sport,Sports,Adidas,1193,Greene Group
I00432,P0117,Kolkata WH,976,54,2026-04-27,Central Footwea,Footwear,H&M,2344,Lawson-Rivera
I00433,P0137,Delhi WH,207,52,2026-05-02,Thousand Electronic,Electronics,Puma,12834,"Walters, Payne and Smith"
I00434,P0107,Mumbai WH,562,68,2026-05-11,Interview Beaut,Beauty,Zara,8438,"Benson, Jimenez and Chang"
I00435,P0178,Bangalore WH,947,37,2026-05-04,Dog Sport,Sports,H&M,11297,"Pham, Thompson and Dixon"
I00436,P0100,Kolkata WH,197,32,2026-04-28,Fall Hom,Home,Nike,2897,Melton PLC
I00437,P0056,Kolkata WH,696,84,2026-05-13,Foot Clothin,Clothing,Adidas,14462,Smith-Martinez
I00438,P0177,Kolkata WH,442,74,2026-04-26,Stand Clothin,Clothing,Apple,7088,Hoffman and Sons
I00439,P0192,Bangalore WH,314,27,2026-04-22,Suddenly Beaut,Beauty,Adidas,7661,Moss-Ware
I00440,P0082,Bangalore WH,660,58,2026-04-16,Represent Hom,Home,Apple,9034,Arias-Cherry
I00441,P0057,Kolkata WH,553,83,2026-04-27,Task Sport,Sports,Sony,13989,Diaz-Murray
I00442,P0186,Kolkata WH,872,47,2026-05-01,Leg Sport,Sports,Samsung,10994,Cobb LLC
I00443,P0114,Delhi WH,954,62,2026-05-05,Tough Electronic,Electronics,H&M,10970,"Gomez, Preston and Williams"
I00444,P0181,Delhi WH,459,33,2026-04-30,Area Beaut,Beauty,Nike,5178,Anderson Group
I00445,P0033,Bangalore WH,762,87,2026-05-01,Program Electronic,Electronics,Puma,6772,Lee-Patterson
I00446,P0136,Bangalore WH,33,56,2026-04-23,Skill Hom,Home,Sony,922,"Ramirez, Williams and Lee"
I00447,P0021,Mumbai WH,815,60,2026-04-25,Whose Sport,Sports,Apple,12865,Mcbride-Hall
I00448,P0125,Kolkata WH,250,100,2026-05-11,Avoid Beaut,Beauty,Sony,10221,Underwood-Mays
I00449,P0188,Bangalore WH,215,29,2026-05-08,Free Sport,Sports,Puma,1730,Webb Group
I00450,P0073,Delhi WH,132,81,2026-05-10,Charge Beaut,Beauty,Zara,2182,Davidson LLC
I00451,P0172,Mumbai WH,407,37,2026-05-06,Me Hom,Home,Adidas,11082,Conner and Sons
I00452,P0070,Bangalore WH,618,97,2026-04-28,Service Beaut,Beauty,Apple,11880,Fletcher-Mann
I00453,P0071,Mumbai WH,262,45,2026-04-29,Certain Footwea,Footwear,H&M,11204,Cooper-Ramos
I00454,P0029,Bangalore WH,567,40,2026-05-03,Kitchen Sport,Sports,Apple,2877,Houston-Knox
I00455,P0116,Delhi WH,749,24,2026-05-14,Coach Clothin,Clothing,Puma,4110,"Rojas, Mason and Martinez"
I00456,P0091,Bangalore WH,428,75,2026-04-24,Campaign Electronic,Electronics,Apple,3339,"Joyce, Santos and Smith"
I00457,P0035,Kolkata WH,550,59,2026-05-07,Could Beaut,Beauty,Puma,3683,Williams PLC
I00458,P0004,Bangalore WH,543,55,2026-05-09,Entire Electronic,Electronics,Adidas,9874,Wall-Peters
I00459,P0184,Bangalore WH,269,21,2026-04-17,Support Hom,Home,Zara,11269,"Crawford, Rich and Ballard"
I00460,P0196,Kolkata WH,350,76,2026-05-12,Trial Sport,Sports,Nike,14825,Hunter Group
I00461,P0115,Mumbai WH,426,69,2026-04-30,Back Beaut,Beauty,Puma,4472,Fitzgerald-Davis
I00462,P0036,Kolkata WH,624,98,2026-04-26,Sell Sport,Sports,Zara,6682,"Powell, Villarreal and Parker"
I00463,P0179,Bangalore WH,533,60,2026-05-09,Whatever Sport,Sports,Samsung,10284,"Hammond, Fitzpatrick and Wagner"
I00464,P0110,Mumbai WH,656,36,2026-04-16,As Clothin,Clothing,Adidas,9949,Anderson-Mitchell
I00465,P0081,Mumbai WH,689,58,2026-04-16,None Clothin,Clothing,Sony,11160,Williams Group
I00466,P0039,Mumbai WH,352,91,2026-05-05,Member Sport,Sports,Sony,12439,"Davis, Braun and Lozano"
I00467,P0109,Bangalore WH,475,42,2026-04-28,Join Beaut,Beauty,Adidas,14148,Holt-Miller
I00468,P0157,Delhi WH,596,97,2026-05-04,These Clothin,Clothing,Zara,5928,"Chambers, Lynch and Browning"
I00469,P0015,Bangalore WH,175,37,2026-04-30,Garden Footwea,Footwear,Sony,13423,Morris and Sons
I00470,P0184,Bangalore WH,493,98,2026-04-27,Support Hom,Home,Zara,11269,"Crawford, Rich and Ballard"
I00471,P0070,Kolkata WH,453,23,2026-04-23,Service Beaut,Beauty,Apple,11880,Fletcher-Mann
I00472,P0026,Mumbai WH,802,53,2026-05-01,Relationship Footwea,Footwear,Apple,11180,"Villanueva, Clarke and Gray"
I00473,P0027,Delhi WH,539,40,2026-05-09,Interest Footwea,Footwear,Adidas,10180,"Lynch, Collins and Fowler"
I00474,P0113,Delhi WH,580,72,2026-05-15,Price Beaut,Beauty,Nike,10347,Carter-Nicholson
I00475,P0172,Delhi WH,252,98,2026-05-13,Me Hom,Home,Adidas,11082,Conner and Sons
I00476,P0035,Delhi WH,864,88,2026-05-09,Could Beaut,Beauty,Puma,3683,Williams PLC
I00477,P0171,Bangalore WH,151,39,2026-04-28,Former Beaut,Beauty,Apple,6167,"Haley, Brown and Allen"
I00478,P0092,Mumbai WH,443,84,2026-04-23,Again Clothin,Clothing,Zara,2496,"Stephens, Murphy and Taylor"
I00479,P0190,Bangalore WH,201,92,2026-05-12,Behind Clothin,Clothing,Samsung,600,Scott PLC
I00480,P0106,Bangalore WH,98,27,2026-05-15,Evening Footwea,Footwear,Nike,1021,Barrera-Davis
I00481,P0059,Mumbai WH,421,67,2026-04-16,Simple Footwea,Footwear,Samsung,9037,"Gonzalez, Bates and Ross"
I00482,P0128,Mumbai WH,666,90,2026-05-15,Watch Electronic,Electronics,Samsung,4533,"Cook, Butler and Jefferson"
I00483,P0014,Mumbai WH,215,82,2026-04-27,Far Hom,Home,Adidas,6081,"Russell, Smith and Rosario"
I00484,P0167,Kolkata WH,732,59,2026-04-27,Large Sport,Sports,Puma,7349,Scott-Jones
I00485,P0198,Delhi WH,430,38,2026-05-05,Data Clothin,Clothing,Zara,1022,Taylor LLC
I00486,P0124,Delhi WH,651,66,2026-04-26,Drop Footwea,Footwear,Samsung,7379,Clarke PLC
I00487,P0002,Bangalore WH,42,26,2026-04-24,Fast Sport,Sports,Sony,4212,Crawford-Medina
I00488,P0187,Kolkata WH,162,74,2026-05-06,Green Electronic,Electronics,Sony,8645,Luna-Maldonado
I00489,P0106,Mumbai WH,885,69,2026-05-11,Evening Footwea,Footwear,Nike,1021,Barrera-Davis
I00490,P0163,Kolkata WH,609,75,2026-05-10,Everything Beaut,Beauty,Puma,652,"Cherry, Stark and Riley"
I00491,P0020,Mumbai WH,629,24,2026-05-10,Cold Clothin,Clothing,Adidas,950,Watson Inc
I00492,P0146,Kolkata WH,16,26,2026-04-30,Employee Footwea,Footwear,Nike,14927,James and Sons
I00493,P0153,Kolkata WH,450,70,2026-04-29,Campaign Sport,Sports,Puma,13018,Davidson and Sons
I00494,P0092,Mumbai WH,326,63,2026-05-05,Again Clothin,Clothing,Zara,2496,"Stephens, Murphy and Taylor"
I00495,P0080,Delhi WH,49,26,2026-05-01,Must Footwea,Footwear,Adidas,8623,Turner-Oneill
I00496,P0025,Bangalore WH,916,86,2026-05-01,Type Footwea,Footwear,Samsung,6265,Thomas Group
I00497,P0069,Bangalore WH,143,82,2026-04-28,Glass Beaut,Beauty,H&M,3670,Burgess-Miranda
I00498,P0187,Mumbai WH,892,40,2026-04-20,Green Electronic,Electronics,Sony,8645,Luna-Maldonado
I00499,P0002,Mumbai WH,195,36,2026-04-20,Fast Sport,Sports,Sony,4212,Crawford-Medina
I00500,P0088,Bangalore WH,712,45,2026-04-22,Score Sport,Sports,Nike,11232,"Wise, Taylor and Callahan"
